flood,sajhdikashidhisahidhsahdiasidsadasdadasdashgjgghgfgfffgfgfgfsajhdikashidhisahidhsahdiasidsadasdadasdashgjgghgfgfffgfgfgfsajhdikashidhisahidhsahdiasidsadasdadasdashgjgghgfgfffgfgfgfsajhdikashidhisahidhsahdiasidsadasdadasdashgjgghgfgfffgfgfgfsajhdikashidhisahidhsahdiasidsadasdadasdashgjgghgfgfffgfgfgfsajhdikashidhisahidhsahdiasidsadasdadasdashgjgghgfgfffgfgfgfsajhdikashidhisahidhsahdiasidsadasdadasdashgjgghgfgfffgfgfgfsajhdikashidhisahidhsahdiasidsadasdadasdashgjgghgfgfffgfgfgfsajhdikashidhisahidhsahdiasidsadasdadasdashgjgghgfgfffgfgfgfsajhdikashidhisahidhsahdiasidsadasdadasdashgjgghgfgfffgfgfgfsajhdikashidhisahidhsahdiasidsadasdadasdashgjgghgfgfffgfgfgf,INK,unfinished,0
flood,sajhdikashidhisahidhsahdiasidsadasdadasdashgjgghgfgfffgfgfgfsajhdikashidhisahidhsahdiasidsadasdadasdashgjgghgfgfffgfgfgfsajhdikashidhisahidhsahdiasidsadasdadasdashgjgghgfgfffgfgfgfsajhdikashidhisahidhsahdiasidsadasdadasdashgjgghgfgfffgfgfgfsajhdikashidhisahidhsahdiasidsadasdadasdashgjgghgfgfffgfgfgfsajhdikashidhisahidhsahdiasidsadasdadasdashgjgghgfgfffgfgfgfsajhdikashidhisahidhsahdiasidsadasdadasdashgjgghgfgfffgfgfgfsajhdikashidhisahidhsahdiasidsadasdadasdashgjgghgfgfffgfgfgfsajhdikashidhisahidhsahdiasidsadasdadasdashgjgghgfgfffgfgfgfsajhdikashidhisahidhsahdiasidsadasdadasdashgjgghgfgfffgfgfgfsajhdikashidhisahidhsahdiasidsadasdadasdashgjgghgfgfffgfgfgf,INK,unfinished,0
flood,sajhdikashidhisahidhsahdiasidsadasdadasdashgjgghgfgfffgfgfgfsajhdikashidhisahidhsahdiasidsadasdadasdashgjgghgfgfffgfgfgfsajhdikashidhisahidhsahdiasidsadasdadasdashgjgghgfgfffgfgfgfsajhdikashidhisahidhsahdiasidsadasdadasdashgjgghgfgfffgfgfgfsajhdikashidhisahidhsahdiasidsadasdadasdashgjgghgfgfffgfgfgfsajhdikashidhisahidhsahdiasidsadasdadasdashgjgghgfgfffgfgfgfsajhdikashidhisahidhsahdiasidsadasdadasdashgjgghgfgfffgfgfgfsajhdikashidhisahidhsahdiasidsadasdadasdashgjgghgfgfffgfgfgfsajhdikashidhisahidhsahdiasidsadasdadasdashgjgghgfgfffgfgfgfsajhdikashidhisahidhsahdiasidsadasdadasdashgjgghgfgfffgfgfgfsajhdikashidhisahidhsahdiasidsadasdadasdashgjgghgfgfffgfgfgf,INK,unfinished,0
flood,sajhdikashidhisahidhsahdiasidsadasdadasdashgjgghgfgfffgfgfgfsajhdikashidhisahidhsahdiasidsadasdadasdashgjgghgfgfffgfgfgfsajhdikashidhisahidhsahdiasidsadasdadasdashgjgghgfgfffgfgfgfsajhdikashidhisahidhsahdiasidsadasdadasdashgjgghgfgfffgfgfgfsajhdikashidhisahidhsahdiasidsadasdadasdashgjgghgfgfffgfgfgfsajhdikashidhisahidhsahdiasidsadasdadasdashgjgghgfgfffgfgfgfsajhdikashidhisahidhsahdiasidsadasdadasdashgjgghgfgfffgfgfgfsajhdikashidhisahidhsahdiasidsadasdadasdashgjgghgfgfffgfgfgfsajhdikashidhisahidhsahdiasidsadasdadasdashgjgghgfgfffgfgfgfsajhdikashidhisahidhsahdiasidsadasdadasdashgjgghgfgfffgfgfgfsajhdikashidhisahidhsahdiasidsadasdadasdashgjgghgfgfffgfgfgf,INK,unfinished,0
flood,sajhdikashidhisahidhsahdiasidsadasdadasdashgjgghgfgfffgfgfgfsajhdikashidhisahidhsahdiasidsadasdadasdashgjgghgfgfffgfgfgfsajhdikashidhisahidhsahdiasidsadasdadasdashgjgghgfgfffgfgfgfsajhdikashidhisahidhsahdiasidsadasdadasdashgjgghgfgfffgfgfgfsajhdikashidhisahidhsahdiasidsadasdadasdashgjgghgfgfffgfgfgfsajhdikashidhisahidhsahdiasidsadasdadasdashgjgghgfgfffgfgfgfsajhdikashidhisahidhsahdiasidsadasdadasdashgjgghgfgfffgfgfgfsajhdikashidhisahidhsahdiasidsadasdadasdashgjgghgfgfffgfgfgfsajhdikashidhisahidhsahdiasidsadasdadasdashgjgghgfgfffgfgfgfsajhdikashidhisahidhsahdiasidsadasdadasdashgjgghgfgfffgfgfgfsajhdikashidhisahidhsahdiasidsadasdadasdashgjgghgfgfffgfgfgf,INK,unfinished,0
flood,sajhdikashidhisahidhsahdiasidsadasdadasdashgjgghgfgfffgfgfgfsajhdikashidhisahidhsahdiasidsadasdadasdashgjgghgfgfffgfgfgfsajhdikashidhisahidhsahdiasidsadasdadasdashgjgghgfgfffgfgfgfsajhdikashidhisahidhsahdiasidsadasdadasdashgjgghgfgfffgfgfgfsajhdikashidhisahidhsahdiasidsadasdadasdashgjgghgfgfffgfgfgfsajhdikashidhisahidhsahdiasidsadasdadasdashgjgghgfgfffgfgfgfsajhdikashidhisahidhsahdiasidsadasdadasdashgjgghgfgfffgfgfgfsajhdikashidhisahidhsahdiasidsadasdadasdashgjgghgfgfffgfgfgfsajhdikashidhisahidhsahdiasidsadasdadasdashgjgghgfgfffgfgfgfsajhdikashidhisahidhsahdiasidsadasdadasdashgjgghgfgfffgfgfgfsajhdikashidhisahidhsahdiasidsadasdadasdashgjgghgfgfffgfgfgf,INK,unfinished,0
flood,sajhdikashidhisahidhsahdiasidsadasdadasdashgjgghgfgfffgfgfgfsajhdikashidhisahidhsahdiasidsadasdadasdashgjgghgfgfffgfgfgfsajhdikashidhisahidhsahdiasidsadasdadasdashgjgghgfgfffgfgfgfsajhdikashidhisahidhsahdiasidsadasdadasdashgjgghgfgfffgfgfgfsajhdikashidhisahidhsahdiasidsadasdadasdashgjgghgfgfffgfgfgfsajhdikashidhisahidhsahdiasidsadasdadasdashgjgghgfgfffgfgfgfsajhdikashidhisahidhsahdiasidsadasdadasdashgjgghgfgfffgfgfgfsajhdikashidhisahidhsahdiasidsadasdadasdashgjgghgfgfffgfgfgfsajhdikashidhisahidhsahdiasidsadasdadasdashgjgghgfgfffgfgfgfsajhdikashidhisahidhsahdiasidsadasdadasdashgjgghgfgfffgfgfgfsajhdikashidhisahidhsahdiasidsadasdadasdashgjgghgfgfffgfgfgf,INK,unfinished,0
flood,sajhdikashidhisahidhsahdiasidsadasdadasdashgjgghgfgfffgfgfgfsajhdikashidhisahidhsahdiasidsadasdadasdashgjgghgfgfffgfgfgfsajhdikashidhisahidhsahdiasidsadasdadasdashgjgghgfgfffgfgfgfsajhdikashidhisahidhsahdiasidsadasdadasdashgjgghgfgfffgfgfgfsajhdikashidhisahidhsahdiasidsadasdadasdashgjgghgfgfffgfgfgfsajhdikashidhisahidhsahdiasidsadasdadasdashgjgghgfgfffgfgfgfsajhdikashidhisahidhsahdiasidsadasdadasdashgjgghgfgfffgfgfgfsajhdikashidhisahidhsahdiasidsadasdadasdashgjgghgfgfffgfgfgfsajhdikashidhisahidhsahdiasidsadasdadasdashgjgghgfgfffgfgfgfsajhdikashidhisahidhsahdiasidsadasdadasdashgjgghgfgfffgfgfgfsajhdikashidhisahidhsahdiasidsadasdadasdashgjgghgfgfffgfgfgf,INK,unfinished,0
flood,sajhdikashidhisahidhsahdiasidsadasdadasdashgjgghgfgfffgfgfgfsajhdikashidhisahidhsahdiasidsadasdadasdashgjgghgfgfffgfgfgfsajhdikashidhisahidhsahdiasidsadasdadasdashgjgghgfgfffgfgfgfsajhdikashidhisahidhsahdiasidsadasdadasdashgjgghgfgfffgfgfgfsajhdikashidhisahidhsahdiasidsadasdadasdashgjgghgfgfffgfgfgfsajhdikashidhisahidhsahdiasidsadasdadasdashgjgghgfgfffgfgfgfsajhdikashidhisahidhsahdiasidsadasdadasdashgjgghgfgfffgfgfgfsajhdikashidhisahidhsahdiasidsadasdadasdashgjgghgfgfffgfgfgfsajhdikashidhisahidhsahdiasidsadasdadasdashgjgghgfgfffgfgfgfsajhdikashidhisahidhsahdiasidsadasdadasdashgjgghgfgfffgfgfgfsajhdikashidhisahidhsahdiasidsadasdadasdashgjgghgfgfffgfgfgf,INK,unfinished,0
flood,sajhdikashidhisahidhsahdiasidsadasdadasdashgjgghgfgfffgfgfgfsajhdikashidhisahidhsahdiasidsadasdadasdashgjgghgfgfffgfgfgfsajhdikashidhisahidhsahdiasidsadasdadasdashgjgghgfgfffgfgfgfsajhdikashidhisahidhsahdiasidsadasdadasdashgjgghgfgfffgfgfgfsajhdikashidhisahidhsahdiasidsadasdadasdashgjgghgfgfffgfgfgfsajhdikashidhisahidhsahdiasidsadasdadasdashgjgghgfgfffgfgfgfsajhdikashidhisahidhsahdiasidsadasdadasdashgjgghgfgfffgfgfgfsajhdikashidhisahidhsahdiasidsadasdadasdashgjgghgfgfffgfgfgfsajhdikashidhisahidhsahdiasidsadasdadasdashgjgghgfgfffgfgfgfsajhdikashidhisahidhsahdiasidsadasdadasdashgjgghgfgfffgfgfgfsajhdikashidhisahidhsahdiasidsadasdadasdashgjgghgfgfffgfgfgf,INK,unfinished,0
flood,sajhdikashidhisahidhsahdiasidsadasdadasdashgjgghgfgfffgfgfgfsajhdikashidhisahidhsahdiasidsadasdadasdashgjgghgfgfffgfgfgfsajhdikashidhisahidhsahdiasidsadasdadasdashgjgghgfgfffgfgfgfsajhdikashidhisahidhsahdiasidsadasdadasdashgjgghgfgfffgfgfgfsajhdikashidhisahidhsahdiasidsadasdadasdashgjgghgfgfffgfgfgfsajhdikashidhisahidhsahdiasidsadasdadasdashgjgghgfgfffgfgfgfsajhdikashidhisahidhsahdiasidsadasdadasdashgjgghgfgfffgfgfgfsajhdikashidhisahidhsahdiasidsadasdadasdashgjgghgfgfffgfgfgfsajhdikashidhisahidhsahdiasidsadasdadasdashgjgghgfgfffgfgfgfsajhdikashidhisahidhsahdiasidsadasdadasdashgjgghgfgfffgfgfgfsajhdikashidhisahidhsahdiasidsadasdadasdashgjgghgfgfffgfgfgf,INK,unfinished,0
flood,sajhdikashidhisahidhsahdiasidsadasdadasdashgjgghgfgfffgfgfgfsajhdikashidhisahidhsahdiasidsadasdadasdashgjgghgfgfffgfgfgfsajhdikashidhisahidhsahdiasidsadasdadasdashgjgghgfgfffgfgfgfsajhdikashidhisahidhsahdiasidsadasdadasdashgjgghgfgfffgfgfgfsajhdikashidhisahidhsahdiasidsadasdadasdashgjgghgfgfffgfgfgfsajhdikashidhisahidhsahdiasidsadasdadasdashgjgghgfgfffgfgfgfsajhdikashidhisahidhsahdiasidsadasdadasdashgjgghgfgfffgfgfgfsajhdikashidhisahidhsahdiasidsadasdadasdashgjgghgfgfffgfgfgfsajhdikashidhisahidhsahdiasidsadasdadasdashgjgghgfgfffgfgfgfsajhdikashidhisahidhsahdiasidsadasdadasdashgjgghgfgfffgfgfgfsajhdikashidhisahidhsahdiasidsadasdadasdashgjgghgfgfffgfgfgf,INK,unfinished,0
