"DEP_ID","DEP_NAME","LEADER_STAFF"
"1666340070851-department","asd","NIL"
"1669708920377-department","qwer","NIL"
"1669708788089-department","aaa","1666342540105-staffuser"
"1669711706961-department","gg","NIL"
"1669709362625-department","z","NIL"
"1669709601563-department","asdf","NIL"
"1669711499525-department","ggg","NIL"
"1669711542895-department","zzxcv","NIL"
"1666947632318-department","1qwe","NIL"
"1669709466146-department","qwert","NIL"
"1669709654030-department","zxc","NIL"
"1669710468555-department","fff","NIL"
