"UID","PASSWORD"
"1669878780957-consumeruser","123"
"1669878479618-consumeruser","123"
"1669895048476-staffuser","conner"
"1669878512257-consumeruser","123"
"1669878735055-consumeruser","123"
"1669878444495-consumeruser","123"
"1669872084245-consumeruser","im_a_spammer"
"1669878622555-consumeruser","123"
"1669878852572-consumeruser","123"
"1669872160575-staffuser","lovecoffee"
"1669894947553-staffuser","123"
"1669894168029-staffuser","parn"
"0000000000000-adminuser","admin"
"1669895095321-staffuser","mermaid"
"1669872197598-consumeruser","eiei"
"1669878587851-consumeruser","123"
"1669878766565-consumeruser","123"
"1669878570881-consumeruser","123"
"1669878659280-consumeruser","123"
"1669878795256-consumeruser","123"
"1669878527984-consumeruser","123"
"1669892515552-consumeruser","123"
"1669878388713-consumeruser","123"
"1669878722814-consumeruser","123"
"1669878690434-consumeruser","123"
"1669878814301-consumeruser","123"
"1669878549882-consumeruser","123"
"1669878877009-consumeruser","123"
