ParnIsgay,12345,Thanatibodee,SeehaBoonthong,picturePATH
ass,hole,sasa,asas,picturePATH
quarXZ,qwertyuiop,Natthawith,Sansernkun,picturePATH
Iamagod,191245ing,asdsa,sadasd,picturePATH
Thanet,12345,Thanet,ksaka,picturePATH
gtapakin,gtapakin,Pakin,Santaweesuk,/Users/inkpnc/Desktop/datastruct/Hanoi.png
qwerty,qwerty,Testpicture,11111,/Users/inkpnc/Desktop/datastruct/Hanoi.png
asdasd,asdasd,sadasdasadasd,asdasd,src/main/resources/images/Default.png
zxcvb,zxcvb,Inuertest,lsallsal,picture/zxcvb.jpg
sasaasassaas,saasasasaa,saasa,sasasasa,picture/Default.png
asdfgh,asdfgh,asshole,asshole,null
picTest01,123456789,picTest01,picTest01,picture/picTest01.jpg
gtapakin610,lanmee10,Pakin,Santaweesuk,picture/gtapakin610.jpg
testpng,testpng,Testpngtojpg,12345,null
pngtest2,pngtest2,pngtest23,asasas,null
ingfosbreak,191245ing,Panachai,Kotchagason,picture/ingfosbreak.jpg
